,Logistic Regression,Decision Tree,Gradient Boosting,SVM,k-NN
Sample1,0.9508196721311475,0.9344262295081968,0.9836065573770492,0.6229508196721312,0.7704918032786885
Sample2,0.8852459016393442,0.9836065573770492,0.9508196721311475,0.6065573770491803,0.7868852459016393
Sample3,0.9180327868852459,0.9344262295081968,1.0,0.639344262295082,0.7704918032786885
Sample4,0.7868852459016393,0.7213114754098361,0.8852459016393442,0.6557377049180327,0.6557377049180327
Sample5,0.9180327868852459,0.8688524590163934,0.9836065573770492,0.639344262295082,0.8524590163934426
